Date,Year,Quarter,Real_GDP,GDP_Growth,CPI,Inflation_Rate,Unemployment_Rate
2001-01-01,2001,Q1,14183.12,-1.304762184579944,175.9,3.4097589653145244,4.233333333333333
2001-04-01,2001,Q2,14271.694,2.5215095311051705,177.13333333333333,3.324907641454411,4.3999999999999995
2001-07-01,2001,Q3,14214.516,-1.5929517725444375,177.63333333333333,2.678227360308272,4.833333333333333
2001-10-01,2001,Q4,14253.574,1.1036401883300906,177.5,1.87488042854409,5.5
2002-01-01,2002,Q1,14372.785,3.3876388749031205,178.0666666666667,1.231760469964005,5.7
2002-04-01,2002,Q2,14460.848,2.4734430447546085,179.46666666666667,1.3172751223184065,5.833333333333333
2002-07-01,2002,Q3,14519.633,1.635987710669795,180.4333333333333,1.5762807280915725,5.733333333333333
2002-10-01,2002,Q4,14537.58,0.495337658367756,181.5,2.2535211267605604,5.866666666666667
2003-01-01,2003,Q1,14614.141,2.12326755305412,183.36666666666667,2.976413328341443,5.866666666666667
2003-04-01,2003,Q2,14743.567,3.5898246978526505,183.0666666666667,2.0059435364041756,6.133333333333333
2003-07-01,2003,Q3,14988.782,6.820621845919783,184.4333333333333,2.216885276186953,6.133333333333333
2003-10-01,2003,Q4,15162.76,4.724349381684623,185.13333333333333,2.0018365472910915,5.833333333333333
2004-01-01,2004,Q1,15248.68,2.28594433046867,186.70000000000002,1.8178512997636842,5.7
2004-04-01,2004,Q2,15366.85,3.1360288812639414,188.16666666666666,2.7858703568827137,5.599999999999999
2004-07-01,2004,Q3,15512.619,3.8487076162528,189.36666666666667,2.674859931321172,5.433333333333334
2004-10-01,2004,Q4,15670.88,4.143707818439446,191.4,3.3849477853799215,5.433333333333334
2005-01-01,2005,Q1,15844.727,4.5118422661180935,192.36666666666667,3.035172290662369,5.3
2005-04-01,2005,Q2,15922.782,1.9851064291597664,193.66666666666666,2.9229406554472925,5.1000000000000005
2005-07-01,2005,Q3,16047.587,3.172311000902628,196.6,3.8197500440063203,4.966666666666667
2005-10-01,2005,Q4,16136.734,2.2406507440459578,198.4333333333333,3.6746778126088397,4.966666666666667
2006-01-01,2006,Q1,16353.835,5.491115888112441,199.46666666666667,3.690868133772307,4.733333333333333
2006-04-01,2006,Q2,16396.151,1.0390351677306064,201.26666666666665,3.9242685025817625,4.633333333333333
2006-07-01,2006,Q3,16420.738,0.6011742586201629,203.16666666666666,3.3401152933197675,4.633333333333334
2006-10-01,2006,Q4,16561.866,3.4823729200428755,202.33333333333334,1.9653955988577332,4.433333333333334
2007-01-01,2007,Q1,16611.69,1.2087836914185912,204.317,2.4316510695187254,4.5
2007-04-01,2007,Q2,16713.314,2.4695947150627617,206.631,2.6652865187148045,4.5
2007-07-01,2007,Q3,16809.587,2.3240880884577653,207.939,2.3489745693191066,4.666666666666667
2007-10-01,2007,Q4,16915.191,2.5367271478347497,210.4896666666667,4.031136738056018,4.8
2008-01-01,2008,Q1,16843.003,-1.6961606735480972,212.76966666666667,4.137035423712487,5.0
2008-04-01,2008,Q2,16943.291,2.403069701864058,215.5376666666667,4.310421314646251,5.333333333333333
2008-07-01,2008,Q3,16854.295,-2.0845363314131338,218.861,5.2525019356638225,6.0
2008-10-01,2008,Q4,16485.35,-8.472768957225274,213.84866666666667,1.59580280267122,6.866666666666667
2009-01-01,2009,Q1,16298.262,-4.462803810727223,212.37766666666667,-0.18423678813865862,8.266666666666667
2009-04-01,2009,Q2,16269.145,-0.7126911125331037,213.50699999999998,-0.9421400435809635,9.299999999999999
2009-07-01,2009,Q3,16326.281,1.4121870876976361,215.34399999999997,-1.6069560131773297,9.633333333333333
2009-10-01,2009,Q4,16502.754,4.394263592305325,217.03,1.4876563800569231,9.933333333333334
2010-01-01,2010,Q1,16582.71,1.952133820572155,217.37400000000002,2.352570028549783,9.833333333333334
2010-04-01,2010,Q2,16743.162,3.926881074055233,217.29733333333334,1.7752735663624009,9.633333333333333
2010-07-01,2010,Q3,16872.266,3.1201978026194954,217.93433333333334,1.2028815910047896,9.466666666666667
2010-10-01,2010,Q4,16960.864,2.117043484228409,219.69899999999998,1.2297839008431843,9.5
2011-01-01,2011,Q1,16920.632,-0.9454489541211974,222.04366666666667,2.148217664792762,9.033333333333333
2011-04-01,2011,Q2,17035.114,2.7339190839842376,224.56833333333336,3.3461064102642935,9.066666666666666
2011-07-01,2011,Q3,17031.313,-0.08922107662069356,226.03266666666664,3.7159511351278374,9.0
2011-10-01,2011,Q4,17222.583,4.568438742179692,227.04733333333334,3.3447277107921947,8.633333333333333
2012-01-01,2012,Q1,17367.01,3.396793738645587,228.32600000000002,2.8293233613208235,8.266666666666667
2012-04-01,2012,Q2,17444.525,1.7973274732638433,228.808,1.88791830252113,8.2
2012-07-01,2012,Q3,17469.65,0.5773578286532466,229.841,1.6848597105433294,8.033333333333333
2012-10-01,2012,Q4,17489.852,0.4633651980530562,231.36933333333332,1.903567831670916,7.8
2013-01-01,2013,Q1,17662.4,4.005025807945661,232.29933333333335,1.740201875096714,7.733333333333333
2013-04-01,2013,Q2,17709.671,1.0748507650766292,232.045,1.414723261424422,7.533333333333334
2013-07-01,2013,Q3,17860.45,3.4493139225505898,233.29999999999998,1.5049534243237517,7.233333333333333
2013-10-01,2013,Q4,18016.147,3.532828598657445,234.1626666666667,1.2073049150852722,6.933333333333334
2014-01-01,2014,Q1,17953.974,-1.3732548917761767,235.621,1.4299079635757383,6.666666666666667
2014-04-01,2014,Q2,18185.911,5.268365026582655,236.87233333333333,2.0803436115121476,6.2
2014-07-01,2014,Q3,18406.941,4.950916534930627,237.47833333333332,1.7909701385912413,6.066666666666666
2014-10-01,2014,Q4,18500.031,2.0383303103057804,236.88833333333332,1.1640056484950367,5.7
2015-01-01,2015,Q1,18666.621,3.650885031119766,235.35500000000002,-0.11289316317305564,5.533333333333334
2015-04-01,2015,Q2,18782.243,2.5007353109643082,236.96,0.03701009123058263,5.433333333333334
2015-07-01,2015,Q3,18857.418,1.6106176842981101,237.855,0.15861096099996086,5.1000000000000005
2015-10-01,2015,Q4,18892.206,0.7399609712167354,237.837,0.40046998234049,5.033333333333333
2016-01-01,2016,Q1,19001.69,2.3383061524439253,237.68933333333334,0.9918350293528055,4.8999999999999995
2016-04-01,2016,Q2,19062.709,1.2906967702374539,239.59033333333332,1.1100326356065615,4.933333333333334
2016-07-01,2016,Q3,19197.938,2.8678981414693494,240.60733333333334,1.1571475618899596,4.8999999999999995
2016-10-01,2016,Q4,19304.352,2.235699518586598,242.13466666666667,1.8069798503457024,4.766666666666667
2017-01-01,2017,Q1,19398.343,1.9618307902452337,243.83866666666665,2.587130540144833,4.566666666666666
2017-04-01,2017,Q2,19506.949,2.258367983115228,244.12,1.8905882402044716,4.366666666666667
2017-07-01,2017,Q3,19660.766,3.1915992394406345,245.287,1.9449393340740473,4.333333333333333
2017-10-01,2017,Q4,19882.352,4.584974811729059,247.23833333333334,2.1077802435008675,4.166666666666667
2018-01-01,2018,Q1,20044.077,3.293553047698339,249.3216666666667,2.248617938637043,4.033333333333333
2018-04-01,2018,Q2,20150.476,2.1402669926408935,250.679,2.686793380304775,3.9333333333333336
2018-07-01,2018,Q3,20276.154,2.5182268082057035,251.68633333333332,2.608916629635205,3.766666666666667
2018-10-01,2018,Q4,20304.874,0.5677817986818878,252.711,2.213518669569847,3.8333333333333335
2019-01-01,2019,Q1,20431.641,2.520756202743435,253.38566666666665,1.6300227951842494,3.8666666666666667
2019-04-01,2019,Q2,20602.275,3.3826649590035895,255.24733333333333,1.8223837390979325,3.6333333333333333
2019-07-01,2019,Q3,20843.322,4.762784209178728,256.08933333333334,1.749399715783806,3.6
2019-10-01,2019,Q4,20985.448,2.755535957854649,257.888,2.0485851427124224,3.6
2020-01-01,2020,Q1,20709.212,-5.16223383893778,258.81766666666664,2.143767669047314,3.8333333333333335
2020-04-01,2020,Q2,19077.992,-27.97614656719044,256.292,0.40927623141997493,13.0
2020-07-01,2020,Q3,20558.879,34.8550059746765,259.22166666666664,1.2231408831293145,8.799999999999999
2020-10-01,2020,Q4,20791.917,4.611736044615711,261.0916666666667,1.242270546387081,6.766666666666667
2021-01-01,2021,Q1,21082.134,5.701255644273506,263.74233333333336,1.9027552215008736,6.233333333333333
2021-04-01,2021,Q2,21440.929,6.983331307653917,268.5503333333333,4.7829558992607435,5.933333333333334
2021-07-01,2021,Q3,21617.828,3.34127932577879,272.8296666666667,5.249561186372054,5.066666666666666
2021-10-01,2021,Q4,21988.737,7.0416786109130936,278.77133333333336,6.771440426414732,4.166666666666667
2022-01-01,2022,Q1,21932.71,-1.0153057807451127,284.90566666666666,8.024245886452297,3.8666666666666667
2022-04-01,2022,Q2,21967.045,0.6276599617172085,291.60533333333336,8.584982827551912,3.6333333333333333
2022-07-01,2022,Q3,22125.625,2.9190173117406015,295.453,8.29210899596693,3.533333333333333
2022-10-01,2022,Q4,22278.345,2.7896792303830242,298.5416666666667,7.0919535007186285,3.5666666666666664
2023-01-01,2023,Q1,22439.607,2.9269931752128775,301.23033333333336,5.729849763137995,3.533333333333333
2023-04-01,2023,Q2,22580.499,2.5352403907615395,303.3976666666667,4.043936096276246,3.533333333333333
2023-07-01,2023,Q3,22840.989,4.694888429547928,305.989,3.566049422412365,3.6333333333333333
2023-10-01,2023,Q4,23033.78,3.4192155752948095,308.195,3.2334961618980973,3.8000000000000003
2024-01-01,2024,Q1,23082.119,0.8420915771010673,311.00333333333333,3.244361180978883,3.8333333333333335
2024-04-01,2024,Q2,23286.508,3.5892686664036777,313.0806666666667,3.191520919189661,3.9666666666666663
2024-07-01,2024,Q3,23478.57,3.340152501559479,314.12100000000004,2.657611874936694,4.166666666666667
2024-10-01,2024,Q4,23586.542,1.8522267738050768,316.5876666666666,2.7231676914507563,4.133333333333333
